{
    "ContentBrowserSettings": {
        "TileSize": 187.8000030517578
    },
    "EditorColorSettings": {
        "Accent": {
            "w": 1.0,
            "x": 0.25999999046325684,
            "y": 0.5899999737739563,
            "z": 0.9800000190734863
        },
        "AccentAlt": {
            "w": 1.0,
            "x": 1.0,
            "y": 0.7799999713897705,
            "z": 0.4000000059604645
        },
        "Border": {
            "w": 0.5,
            "x": 0.4300000071525574,
            "y": 0.4300000071525574,
            "z": 0.5
        },
        "Button": {
            "w": 1.0,
            "x": 0.25,
            "y": 0.25,
            "z": 0.25
        },
        "Danger": {
            "w": 1.0,
            "x": 0.9599999785423279,
            "y": 0.36000001430511475,
            "z": 0.3799999952316284
        },
        "FrameBg": {
            "w": 1.0,
            "x": 0.07999999821186066,
            "y": 0.07999999821186066,
            "z": 0.07999999821186066
        },
        "Header": {
            "w": 1.0,
            "x": 0.2199999988079071,
            "y": 0.2199999988079071,
            "z": 0.2199999988079071
        },
        "PanelBg": {
            "w": 1.0,
            "x": 0.10000000149011612,
            "y": 0.10999999940395355,
            "z": 0.12999999523162842
        },
        "RowBg": {
            "w": 1.0,
            "x": 0.13500000536441803,
            "y": 0.14000000059604645,
            "z": 0.16500000655651093
        },
        "RowBgActive": {
            "w": 1.0,
            "x": 0.1599999964237213,
            "y": 0.17499999701976776,
            "z": 0.2150000035762787
        },
        "RowBgHovered": {
            "w": 1.0,
            "x": 0.1899999976158142,
            "y": 0.20499999821186066,
            "z": 0.24500000476837158
        },
        "SectionHeader": {
            "w": 1.0,
            "x": 0.5,
            "y": 0.5799999833106995,
            "z": 0.7200000286102295
        },
        "Success": {
            "w": 1.0,
            "x": 0.4000000059604645,
            "y": 0.8199999928474426,
            "z": 0.44999998807907104
        },
        "TextDim": {
            "w": 1.0,
            "x": 0.550000011920929,
            "y": 0.5600000023841858,
            "z": 0.6200000047683716
        },
        "TextMuted": {
            "w": 1.0,
            "x": 0.41999998688697815,
            "y": 0.41999998688697815,
            "z": 0.4699999988079071
        },
        "TextPrimary": {
            "w": 1.0,
            "x": 0.8999999761581421,
            "y": 0.8999999761581421,
            "z": 0.9300000071525574
        },
        "TitleBg": {
            "w": 1.0,
            "x": 0.07999999821186066,
            "y": 0.07999999821186066,
            "z": 0.09000000357627869
        },
        "Warning": {
            "w": 1.0,
            "x": 0.949999988079071,
            "y": 0.75,
            "z": 0.30000001192092896
        },
        "WindowBg": {
            "w": 1.0,
            "x": 0.12999999523162842,
            "y": 0.14000000059604645,
            "z": 0.15000000596046448
        }
    },
    "LuaEditorSettings": {
        "AnnotationArgumentColor": {
            "x": 0.29919859766960144,
            "y": 0.9754616022109985,
            "z": 0.2864621877670288
        },
        "AnnotationColor": {
            "x": 0.37319958209991455,
            "y": 0.6272085309028625,
            "z": 0.8460193872451782
        },
        "AutoTriggerDelayMs": 100,
        "CommentColor": {
            "x": 0.9938705563545227,
            "y": 0.500724732875824,
            "z": 0.11725495755672455
        },
        "FontScale": 1.25,
        "FormatDocumentKey": {
            "Device": "Keyboard",
            "Key": "I",
            "MouseButton": "Num",
            "bAlt": false,
            "bCtrl": true,
            "bShift": true
        },
        "GoToDefinitionKey": {
            "Device": "Keyboard",
            "Key": "F12",
            "MouseButton": "Num",
            "bAlt": false,
            "bCtrl": false,
            "bShift": false
        },
        "GoToLineKey": {
            "Device": "Keyboard",
            "Key": "G",
            "MouseButton": "Num",
            "bAlt": false,
            "bCtrl": true,
            "bShift": false
        },
        "IdentifierColor": {
            "x": 0.39982226490974426,
            "y": 0.5544027090072632,
            "z": 0.9515417814254761
        },
        "KeywordColor": {
            "x": 0.9468978643417358,
            "y": 0.24120396375656128,
            "z": 0.5592660903930664
        },
        "KnownIdentifierColor": {
            "x": 0.9304468631744385,
            "y": 0.9164812564849854,
            "z": 0.16190782189369202
        },
        "LineSpacing": 1.0,
        "NumberColor": {
            "x": 0.3235636353492737,
            "y": 0.9495110511779785,
            "z": 0.8092769384384155
        },
        "Palette": "Dark",
        "PunctuationColor": {
            "x": 0.23421065509319305,
            "y": 0.7514508962631226,
            "z": 0.5838181376457214
        },
        "RunToCursorKey": {
            "Device": "Keyboard",
            "Key": "F10",
            "MouseButton": "Num",
            "bAlt": false,
            "bCtrl": true,
            "bShift": false
        },
        "StringColor": {
            "x": 0.10251437872648239,
            "y": 0.857688307762146,
            "z": 0.998261034488678
        },
        "TabSize": 4,
        "ToggleOutlineKey": {
            "Device": "Keyboard",
            "Key": "Backslash",
            "MouseButton": "Num",
            "bAlt": false,
            "bCtrl": true,
            "bShift": false
        },
        "bAutoIndent": true,
        "bAutoTriggerCompletion": true,
        "bCompletePairs": true,
        "bInsertSpacesOnTabs": false,
        "bMatchBrackets": true,
        "bShowLineNumbers": true,
        "bShowMiniMap": true,
        "bShowWhitespace": false,
        "bTrimTrailingOnSave": false,
        "bUsePlatformEditor": false
    },
    "PrefabEditorSettings": {
        "GizmoSnapRotate": 5.0,
        "GizmoSnapScale": 0.10000000149011612,
        "GizmoSnapTranslate": 0.10000000149011612,
        "bGizmoSnapEnabled": false
    }
}