{
    "ContentBrowserSettings": {
        "TileSize": 187.8000030517578
    },
    "LuaEditorSettings": {
        "AnnotationArgumentColor": {
            "x": 0.864981472492218,
            "y": 0.3726586401462555,
            "z": 0.6198825836181641
        },
        "AnnotationColor": {
            "x": 0.7630839943885803,
            "y": 0.5983623266220093,
            "z": 0.16144242882728577
        },
        "AutoTriggerDelayMs": 100,
        "CommentColor": {
            "x": 0.8151319026947021,
            "y": 0.4276846945285797,
            "z": 0.3183869421482086
        },
        "FontScale": 1.25,
        "FormatDocumentKey": {
            "Device": "Keyboard",
            "Key": "I",
            "MouseButton": "Num",
            "bAlt": false,
            "bCtrl": true,
            "bShift": true
        },
        "GoToDefinitionKey": {
            "Device": "Keyboard",
            "Key": "F12",
            "MouseButton": "Num",
            "bAlt": false,
            "bCtrl": false,
            "bShift": false
        },
        "GoToLineKey": {
            "Device": "Keyboard",
            "Key": "G",
            "MouseButton": "Num",
            "bAlt": false,
            "bCtrl": true,
            "bShift": false
        },
        "IdentifierColor": {
            "x": 0.17487552762031555,
            "y": 0.7825040221214294,
            "z": 0.1706061214208603
        },
        "KeywordColor": {
            "x": 0.921607255935669,
            "y": 0.27056562900543213,
            "z": 0.8619160056114197
        },
        "KnownIdentifierColor": {
            "x": 0.42457476258277893,
            "y": 0.2756696343421936,
            "z": 0.8380616903305054
        },
        "LineSpacing": 1.0,
        "NumberColor": {
            "x": 0.2597401738166809,
            "y": 0.9640111923217773,
            "z": 0.2155100703239441
        },
        "Palette": "Dark",
        "PunctuationColor": {
            "x": 0.556878924369812,
            "y": 0.16183535754680634,
            "z": 0.825857937335968
        },
        "RunToCursorKey": {
            "Device": "Keyboard",
            "Key": "F10",
            "MouseButton": "Num",
            "bAlt": false,
            "bCtrl": true,
            "bShift": false
        },
        "StringColor": {
            "x": 0.4240855276584625,
            "y": 0.712317943572998,
            "z": 0.9788530468940735
        },
        "TabSize": 4,
        "ToggleOutlineKey": {
            "Device": "Keyboard",
            "Key": "Backslash",
            "MouseButton": "Num",
            "bAlt": false,
            "bCtrl": true,
            "bShift": false
        },
        "bAutoIndent": true,
        "bAutoTriggerCompletion": true,
        "bCompletePairs": true,
        "bInsertSpacesOnTabs": false,
        "bMatchBrackets": true,
        "bShowLineNumbers": true,
        "bShowMiniMap": true,
        "bShowWhitespace": false,
        "bTrimTrailingOnSave": false,
        "bUsePlatformEditor": false
    }
}