{
    "ContentBrowserSettings": {
        "TileSize": 187.8000030517578
    },
    "EditorColorSettings": {
        "Accent": {
            "w": 1.0,
            "x": 0.25999999046325684,
            "y": 0.5899999737739563,
            "z": 0.9800000190734863
        },
        "AccentAlt": {
            "w": 1.0,
            "x": 1.0,
            "y": 0.7799999713897705,
            "z": 0.4000000059604645
        },
        "Border": {
            "w": 0.5,
            "x": 0.4300000071525574,
            "y": 0.4300000071525574,
            "z": 0.5
        },
        "Button": {
            "w": 1.0,
            "x": 0.25,
            "y": 0.25,
            "z": 0.25
        },
        "Danger": {
            "w": 1.0,
            "x": 0.9599999785423279,
            "y": 0.36000001430511475,
            "z": 0.3799999952316284
        },
        "FrameBg": {
            "w": 1.0,
            "x": 0.07999999821186066,
            "y": 0.07999999821186066,
            "z": 0.07999999821186066
        },
        "Header": {
            "w": 1.0,
            "x": 0.2199999988079071,
            "y": 0.2199999988079071,
            "z": 0.2199999988079071
        },
        "PanelBg": {
            "w": 1.0,
            "x": 0.10000000149011612,
            "y": 0.10999999940395355,
            "z": 0.12999999523162842
        },
        "RowBg": {
            "w": 1.0,
            "x": 0.13500000536441803,
            "y": 0.14000000059604645,
            "z": 0.16500000655651093
        },
        "RowBgActive": {
            "w": 1.0,
            "x": 0.1599999964237213,
            "y": 0.17499999701976776,
            "z": 0.2150000035762787
        },
        "RowBgHovered": {
            "w": 1.0,
            "x": 0.1899999976158142,
            "y": 0.20499999821186066,
            "z": 0.24500000476837158
        },
        "SectionHeader": {
            "w": 1.0,
            "x": 0.5,
            "y": 0.5799999833106995,
            "z": 0.7200000286102295
        },
        "Success": {
            "w": 1.0,
            "x": 0.4000000059604645,
            "y": 0.8199999928474426,
            "z": 0.44999998807907104
        },
        "TextDim": {
            "w": 1.0,
            "x": 0.550000011920929,
            "y": 0.5600000023841858,
            "z": 0.6200000047683716
        },
        "TextMuted": {
            "w": 1.0,
            "x": 0.41999998688697815,
            "y": 0.41999998688697815,
            "z": 0.4699999988079071
        },
        "TextPrimary": {
            "w": 1.0,
            "x": 0.8999999761581421,
            "y": 0.8999999761581421,
            "z": 0.9300000071525574
        },
        "TitleBg": {
            "w": 1.0,
            "x": 0.07999999821186066,
            "y": 0.07999999821186066,
            "z": 0.09000000357627869
        },
        "Warning": {
            "w": 1.0,
            "x": 0.949999988079071,
            "y": 0.75,
            "z": 0.30000001192092896
        },
        "WindowBg": {
            "w": 1.0,
            "x": 0.12999999523162842,
            "y": 0.14000000059604645,
            "z": 0.15000000596046448
        }
    },
    "PrefabEditorSettings": {
        "GizmoSnapRotate": 5.0,
        "GizmoSnapScale": 0.10000000149011612,
        "GizmoSnapTranslate": 0.10000000149011612,
        "bGizmoSnapEnabled": false
    },
    "WorldEditorSettings": {
        "GizmoSnapRotate": 90.0,
        "GizmoSnapScale": 0.10000000149011612,
        "GizmoSnapTranslate": 0.10000000149011612,
        "bGizmoSnapEnabled": true
    }
}