{
    "ContentBrowserSettings": {
        "TileSize": 187.8000030517578
    },
    "LuaEditorSettings": {
        "AnnotationArgumentColor": {
            "x": 0.29919859766960144,
            "y": 0.9754616022109985,
            "z": 0.2864621877670288
        },
        "AnnotationColor": {
            "x": 0.37319958209991455,
            "y": 0.6272085309028625,
            "z": 0.8460193872451782
        },
        "AutoTriggerDelayMs": 100,
        "CommentColor": {
            "x": 0.9938705563545227,
            "y": 0.500724732875824,
            "z": 0.11725495755672455
        },
        "FontScale": 1.25,
        "FormatDocumentKey": {
            "Device": "Keyboard",
            "Key": "I",
            "MouseButton": "Num",
            "bAlt": false,
            "bCtrl": true,
            "bShift": true
        },
        "GoToDefinitionKey": {
            "Device": "Keyboard",
            "Key": "F12",
            "MouseButton": "Num",
            "bAlt": false,
            "bCtrl": false,
            "bShift": false
        },
        "GoToLineKey": {
            "Device": "Keyboard",
            "Key": "G",
            "MouseButton": "Num",
            "bAlt": false,
            "bCtrl": true,
            "bShift": false
        },
        "IdentifierColor": {
            "x": 0.39982226490974426,
            "y": 0.5544027090072632,
            "z": 0.9515417814254761
        },
        "KeywordColor": {
            "x": 0.9468978643417358,
            "y": 0.24120396375656128,
            "z": 0.5592660903930664
        },
        "KnownIdentifierColor": {
            "x": 0.9304468631744385,
            "y": 0.9164812564849854,
            "z": 0.16190782189369202
        },
        "LineSpacing": 1.0,
        "NumberColor": {
            "x": 0.3235636353492737,
            "y": 0.9495110511779785,
            "z": 0.8092769384384155
        },
        "Palette": "Dark",
        "PunctuationColor": {
            "x": 0.23421065509319305,
            "y": 0.7514508962631226,
            "z": 0.5838181376457214
        },
        "RunToCursorKey": {
            "Device": "Keyboard",
            "Key": "F10",
            "MouseButton": "Num",
            "bAlt": false,
            "bCtrl": true,
            "bShift": false
        },
        "StringColor": {
            "x": 0.10251437872648239,
            "y": 0.857688307762146,
            "z": 0.998261034488678
        },
        "TabSize": 4,
        "ToggleOutlineKey": {
            "Device": "Keyboard",
            "Key": "Backslash",
            "MouseButton": "Num",
            "bAlt": false,
            "bCtrl": true,
            "bShift": false
        },
        "bAutoIndent": true,
        "bAutoTriggerCompletion": true,
        "bCompletePairs": true,
        "bInsertSpacesOnTabs": false,
        "bMatchBrackets": true,
        "bShowLineNumbers": true,
        "bShowMiniMap": true,
        "bShowWhitespace": false,
        "bTrimTrailingOnSave": false,
        "bUsePlatformEditor": false
    }
}